sk_ship_code,SK code,Ship type no,Description,English,cargo_type,cargo_subtype,SIVAK_ID,SIVAK_code,Allowed chamber,Note
:0,,0,:  VAARTUIGTYPEONBEKEND (Onbekend),Type onbekend,,,,,,
:40,,40,:  SLEEPBOOTLOSVAREND (Binnenvaart),SINGLE TUGBOAT,,,39,sleepboot,commercial,
:41,,41,:  SLEEPBOOTSLEEPSCHEPEN (Binnenvaart),TUG BELONGING TO ONE OR MORE TOWS,,,39,sleepboot,commercial,
:42,,42,:  SLEEPBOOTASSISTEREND (Binnenvaart),"TUG ASSISTING VSL,LINKED COMB.",,,39,sleepboot,commercial,
:43,,43,:  DUWBOOTLOSVAREND (Binnenvaart),SINGLE PUSHBOAT,,,39,sleepboot,commercial,Assumed to have similar characteristics with tug boat
:44,,44,:  PASSAGIERSSCHIPBINNENVAART (Binnenvaart),PASSENGER SHIP,,,37,passagiersschip binnnenvaart,commercial,
:45,,45,:  DIENSTVAARTUIG (Binnenvaart),SERVICE VESSEL,,,39,sleepboot,commercial,
:46,,46,:  WERKVAARTUIG (Binnenvaart),MAINTENANCE CRAFT,,,39,sleepboot,commercial,
:47,,47,:  GESLEEPTOBJECT (Binnenvaart),TOWED OBJECT N.O.S,,,39,sleepboot,commercial,
:48,,48,:  VISSERSVAARTUIGBINNVAART (Binnenvaart),FISHING BOAT,,,39,sleepboot,commercial,
:49,,49,":  OVERIGEBINNENV/BIJZ,TRANSPORT (Binnenvaart)",OTHER FLOATING OBJECTS N.O.S.,,,39,sleepboot,commercial,
:50,,50,:  ZEE-VRACHTSCHIP (Zeevaart),OCEAN GOING FREIGHTER,Freight,Freight,47,"Zeeschip Z2, 90 < L<=130",commercial,Fleet mix scenario only has this type as seagoing
:52,,52,:  ZEE-BULKCARRIER (Zeevaart),OCEAN GOING BULK CARRIER,Bulk,Bulk,47,"Zeeschip Z2, 90 < L<=130",commercial,
:53,,53,:  ZEE-TANKER(GEENGAS) (Zeevaart),OCEAN GOING TANKER (NON GAS),Tank,Tank,47,"Zeeschip Z2, 90 < L<=130",commercial,
:54,,54,:  ZEE-GASTANKER (Zeevaart),OCEAN GOING GAS TANKER,Tank,Gas,47,"Zeeschip Z2, 90 < L<=130",commercial,
:60,,60,":  ZEESLEEPBOOT,BEVOORRADINGSSCHIPLOSVAREND (Zeevaart)",,,,47,"Zeeschip Z2, 90 < L<=130",commercial,
:61,,61,":  ZEESLEEPBOOT,BEVOORRADINGSSCHIPSLEPEND (Zeevaart)",,,,47,"Zeeschip Z2, 90 < L<=130",commercial,
:62,,62,:  VISSERSVAARTUIG (Zeevaart),,,,47,"Zeeschip Z2, 90 < L<=130",commercial,
:64,,64,:  PASSAGIERSSCHIP (Zeevaart),,,,37,passagiersschip binnnenvaart,commercial,Assumed to have similar characteristics with commerical passenger ship
:65,,65,:  ZEEGAANDDIENSTVAARTUIG (Zeevaart),,,,47,"Zeeschip Z2, 90 < L<=130",commercial,
:66,,66,:  ZEEGAANDWERKVAARTUIG (Zeevaart),,,,47,"Zeeschip Z2, 90 < L<=130",commercial,
:68,,68,:  MARINEVAARTUIG (Zeevaart),,,,47,"Zeeschip Z2, 90 < L<=130",commercial,
:69,,69,:  OVERIGEZEEGAANDEVAARTUIGENENDRIJVENDEOBJECTEN (Zeevaart),,,,47,"Zeeschip Z2, 90 < L<=130",commercial,
:80,,80,:  MOTORJACHT (Recreatievaart),,,,44,motorjacht groot,recreational,
:82,,82,:  ZEILJACHTVARENDOPHULPMOTOR (Recreatievaart),,,,43,zeiljacht middel,recreational,Assumed all sail jachts were middle
:83,,83,:  ZEILENDJACHT (Recreatievaart),,,,43,zeiljacht middel,recreational,
:84,,84,:  VAARTUIGVOORSPORTVISSERS (Recreatievaart),,,,44,motorjacht groot,recreational,
:85,,85,:  GROTERECREATIEVAART>20M (Recreatievaart),RECREATION SAIL/MOTORSHIPS >20M,,,44,motorjacht groot,recreational,
:89,,89,:  OVERIGERECREATIEVAARTUIGEN (Recreatievaart),"Roeiboot, kano, rubberboot. Zeilplank, ed.",,,44,motorjacht groot,recreational,
:90,,90,:  SNELSCHIPDRAAGVLEUGELBOOTSNELCATAMARANSNEL (Zeevaart),,,,37,passagiersschip binnnenvaart,commercial,Assumed to have similar characteristics with commerical passenger ship
B01:21,B01,21,Duwstel:  DUWBOOTMET1VRACHTDUWBAK (Binnenvaart),PUSHTOW 1 CARGO BARGE,Cargo,Cargo,24,BO1 duwstel,commercial,
B01:22,B01,22,Duwstel:  DUWBOOTMET2VRACHTDUWBAKKEN (Binnenvaart),PUSHTOW 2 CARGO BARGES,Cargo,Cargo,24,BO1 duwstel,commercial,
B02:15,B02,15,Duwstel:  VRACHTDUWBAK(VDB) (Binnenvaart),FREIGHT BARGE,Freight,Freight,25,BO2 duwstel,commercial,
B02:16,B02,16,Duwstel:  TANKDUWBAK(TDB) (Binnenvaart),TANKBARGE,Tank,Tank,25,BO2 duwstel,commercial,
B02:21,B02,21,Duwstel:  DUWBOOTMET1VRACHTDUWBAK (Binnenvaart),PUSHTOW 1 CARGO BARGE,Cargo,Cargo,25,BO2 duwstel,commercial,
B02:22,B02,22,Duwstel:  DUWBOOTMET2VRACHTDUWBAKKEN (Binnenvaart),PUSHTOW 2 CARGO BARGES,Cargo,Cargo,25,BO2 duwstel,commercial,
B03:16,B03,16,Duwstel:  TANKDUWBAK(TDB) (Binnenvaart),TANKBARGE,Tank,Tank,26,BO3 duwstel,commercial,
B03:21,B03,21,Duwstel:  DUWBOOTMET1VRACHTDUWBAK (Binnenvaart),PUSHTOW 1 CARGO BARGE,Cargo,Cargo,26,BO3 duwstel,commercial,
B03:22,B03,22,Duwstel:  DUWBOOTMET2VRACHTDUWBAKKEN (Binnenvaart),PUSHTOW 2 CARGO BARGES,Cargo,Cargo,26,BO3 duwstel,commercial,
B03:31,B03,31,Duwstel:  DUWBOOT1(G)TDB (Binnenvaart),PUSHTOW 1 (G)TANKBARGE,Tank,Tank,26,BO3 duwstel,commercial,
B04:15,B04,15,Duwstel:  VRACHTDUWBAK(VDB) (Binnenvaart),FREIGHT BARGE,Freight,Freight,27,BO4 duwstel,commercial,
B04:16,B04,16,Duwstel:  TANKDUWBAK(TDB) (Binnenvaart),TANKBARGE,Tank,Tank,27,BO4 duwstel,commercial,
B04:21,B04,21,Duwstel:  DUWBOOTMET1VRACHTDUWBAK (Binnenvaart),PUSHTOW 1 CARGO BARGE,Cargo,Cargo,27,BO4 duwstel,commercial,
B04:22,B04,22,Duwstel:  DUWBOOTMET2VRACHTDUWBAKKEN (Binnenvaart),PUSHTOW 2 CARGO BARGES,Cargo,Cargo,27,BO4 duwstel,commercial,
B04:23,B04,23,Duwstel:  DUWBOOTMET3VRACHTDUWBAKKEN (Binnenvaart),PUSHTOW 3 CARGO BARGES,Cargo,Cargo,27,BO4 duwstel,commercial,
B04:31,B04,31,Duwstel:  DUWBOOT1(G)TDB (Binnenvaart),PUSHTOW 1 (G)TANKBARGE,Tank,Tank,27,BO4 duwstel,commercial,
B04:32,B04,32,Duwstel:  DUWBOOT2DB-1(G)TDB (Binnenvaart),PUSHTOW 2 BARGES - 1 (G)TANKBARGE,Tank,Tank,27,BO4 duwstel,commercial,
BI:15,BI,15,Europa I duwstel:  VRACHTDUWBAK(VDB) (Binnenvaart),FREIGHT BARGE,Freight,Freight,28,BI-1 duwstel Europa I (IV),commercial,
BI:16,BI,16,Europa I duwstel:  TANKDUWBAK(TDB) (Binnenvaart),TANKBARGE,Tank,Tank,28,BI-1 duwstel Europa I (IV),commercial,
BI:18,BI,18,Europa I duwstel:  GAS-TANKDUWBAK(GTDB) (Binnenvaart),GAS TANKBARGE,Tank,Gas,28,BI-1 duwstel Europa I (IV),commercial,
BI:21,BI,21,Europa I duwstel:  DUWBOOTMET1VRACHTDUWBAK (Binnenvaart),PUSHTOW 1 CARGO BARGE,Cargo,Cargo,28,BI-1 duwstel Europa I (IV),commercial,
BI:22,BI,22,Europa I duwstel:  DUWBOOTMET2VRACHTDUWBAKKEN (Binnenvaart),PUSHTOW 2 CARGO BARGES,Cargo,Cargo,28,BI-1 duwstel Europa I (IV),commercial,
BI:23,BI,23,Europa I duwstel:  DUWBOOTMET3VRACHTDUWBAKKEN (Binnenvaart),PUSHTOW 3 CARGO BARGES,Cargo,Cargo,28,BI-1 duwstel Europa I (IV),commercial,
BI:31,BI,31,Europa I duwstel:  DUWBOOT1(G)TDB (Binnenvaart),PUSHTOW 1 (G)TANKBARGE,Tank,Tank,28,BI-1 duwstel Europa I (IV),commercial,
BI:32,BI,32,Europa I duwstel:  DUWBOOT2DB-1(G)TDB (Binnenvaart),PUSHTOW 2 BARGES - 1 (G)TANKBARGE,Tank,Tank,28,BI-1 duwstel Europa I (IV),commercial,
BI:33,BI,33,Europa I duwstel:  DUWBOOT3DB-MIN.1(G)TDB (Binnenvaart),PUSHTOW 3 BARGES - MIN. 1 (G)TANKB.,Tank,Tank,28,BI-1 duwstel Europa I (IV),commercial,
BII-1:15,BII-1,15,Europa II duwstel:  VRACHTDUWBAK(VDB) (Binnenvaart),FREIGHT BARGE,Freight,Freight,29,BII-1 duwstel Europa II (V),commercial,
BII-1:16,BII-1,16,Europa II duwstel:  TANKDUWBAK(TDB) (Binnenvaart),TANKBARGE,Tank,Tank,29,BII-1 duwstel Europa II (V),commercial,
BII-1:17,BII-1,17,Europa II duwstel:  VRACHTDB.METCONTAINERS. (Binnenvaart),FREIGHT BARGE WITH CONTAINERS,Container,Container,29,BII-1 duwstel Europa II (V),commercial,
BII-1:18,BII-1,18,Europa II duwstel:  GAS-TANKDUWBAK(GTDB) (Binnenvaart),GAS TANKBARGE,Tank,Gas,29,BII-1 duwstel Europa II (V),commercial,
BII-1:21,BII-1,21,Europa II duwstel:  DUWBOOTMET1VRACHTDUWBAK (Binnenvaart),PUSHTOW 1 CARGO BARGE,Cargo,Cargo,29,BII-1 duwstel Europa II (V),commercial,
BII-1:22,BII-1,22,Europa II duwstel:  DUWBOOTMET2VRACHTDUWBAKKEN (Binnenvaart),PUSHTOW 2 CARGO BARGES,Cargo,Cargo,29,BII-1 duwstel Europa II (V),commercial,
BII-1:23,BII-1,23,Europa II duwstel:  DUWBOOTMET3VRACHTDUWBAKKEN (Binnenvaart),PUSHTOW 3 CARGO BARGES,Cargo,Cargo,29,BII-1 duwstel Europa II (V),commercial,
BII-1:24,BII-1,24,Europa II duwstel:  DUWBOOTMET4VRACHTDUWBAKKEN (Binnenvaart),PUSHTOW 4 CARGO BARGES,Cargo,Cargo,29,BII-1 duwstel Europa II (V),commercial,
BII-1:31,BII-1,31,Europa II duwstel:  DUWBOOT1(G)TDB (Binnenvaart),PUSHTOW 1 (G)TANKBARGE,Tank,Tank,29,BII-1 duwstel Europa II (V),commercial,
BII-1:32,BII-1,32,Europa II duwstel:  DUWBOOT2DB-1(G)TDB (Binnenvaart),PUSHTOW 2 BARGES - 1 (G)TANKBARGE,Tank,Tank,29,BII-1 duwstel Europa II (V),commercial,
BII-2b:15,BII-2b,15,2-baksduwstel breed:  VRACHTDUWBAK(VDB) (Binnenvaart),FREIGHT BARGE,Freight,Freight,32,"BII-2b duwstel Eur II, 2b breed",commercial,
BII-2b:16,BII-2b,16,2-baksduwstel breed:  TANKDUWBAK(TDB) (Binnenvaart),TANKBARGE,Tank,Tank,32,"BII-2b duwstel Eur II, 2b breed",commercial,
BII-2b:17,BII-2b,17,2-baksduwstel breed:  VRACHTDB.METCONTAINERS. (Binnenvaart),FREIGHT BARGE WITH CONTAINERS,Container,Container,32,"BII-2b duwstel Eur II, 2b breed",commercial,
BII-2b:21,BII-2b,21,2-baksduwstel breed:  DUWBOOTMET1VRACHTDUWBAK (Binnenvaart),PUSHTOW 1 CARGO BARGE,Cargo,Cargo,32,"BII-2b duwstel Eur II, 2b breed",commercial,
BII-2b:22,BII-2b,22,2-baksduwstel breed:  DUWBOOTMET2VRACHTDUWBAKKEN (Binnenvaart),PUSHTOW 2 CARGO BARGES,Cargo,Cargo,32,"BII-2b duwstel Eur II, 2b breed",commercial,
BII-2b:23,BII-2b,23,2-baksduwstel breed:  DUWBOOTMET3VRACHTDUWBAKKEN (Binnenvaart),PUSHTOW 3 CARGO BARGES,Cargo,Cargo,32,"BII-2b duwstel Eur II, 2b breed",commercial,
BII-2b:24,BII-2b,24,2-baksduwstel breed:  DUWBOOTMET4VRACHTDUWBAKKEN (Binnenvaart),PUSHTOW 4 CARGO BARGES,Cargo,Cargo,32,"BII-2b duwstel Eur II, 2b breed",commercial,
BII-2b:26,BII-2b,26,2-baksduwstel breed:  DUWBOOTMET6VRACHTDUWBAKKEN (Binnenvaart),PUSHTOW 6 CARGO BARGES,Cargo,Cargo,32,"BII-2b duwstel Eur II, 2b breed",commercial,
BII-2b:32,BII-2b,32,2-baksduwstel breed:  DUWBOOT2DB-1(G)TDB (Binnenvaart),PUSHTOW 2 BARGES - 1 (G)TANKBARGE,Tank,Tank,32,"BII-2b duwstel Eur II, 2b breed",commercial,
BII-2b:33,BII-2b,33,2-baksduwstel breed:  DUWBOOT3DB-MIN.1(G)TDB (Binnenvaart),PUSHTOW 3 BARGES - MIN. 1 (G)TANKB.,Tank,Tank,32,"BII-2b duwstel Eur II, 2b breed",commercial,
BII-2L:15,BII-2L,15,2-baksduwstel lang:  VRACHTDUWBAK(VDB) (Binnenvaart),FREIGHT BARGE,Freight,Freight,33,BII-2l 2 baks duwstel Europa II (lange form),commercial,
BII-2L:16,BII-2L,16,2-baksduwstel lang:  TANKDUWBAK(TDB) (Binnenvaart),TANKBARGE,Tank,Tank,33,BII-2l 2 baks duwstel Europa II (lange form),commercial,
BII-2L:21,BII-2L,21,2-baksduwstel lang:  DUWBOOTMET1VRACHTDUWBAK (Binnenvaart),PUSHTOW 1 CARGO BARGE,Cargo,Cargo,33,BII-2l 2 baks duwstel Europa II (lange form),commercial,
BII-2L:22,BII-2L,22,2-baksduwstel lang:  DUWBOOTMET2VRACHTDUWBAKKEN (Binnenvaart),PUSHTOW 2 CARGO BARGES,Cargo,Cargo,33,BII-2l 2 baks duwstel Europa II (lange form),commercial,
BII-2L:23,BII-2L,23,2-baksduwstel lang:  DUWBOOTMET3VRACHTDUWBAKKEN (Binnenvaart),PUSHTOW 3 CARGO BARGES,Cargo,Cargo,33,BII-2l 2 baks duwstel Europa II (lange form),commercial,
BII-2L:24,BII-2L,24,2-baksduwstel lang:  DUWBOOTMET4VRACHTDUWBAKKEN (Binnenvaart),PUSHTOW 4 CARGO BARGES,Cargo,Cargo,33,BII-2l 2 baks duwstel Europa II (lange form),commercial,
BII-2L:31,BII-2L,31,2-baksduwstel lang:  DUWBOOT1(G)TDB (Binnenvaart),PUSHTOW 1 (G)TANKBARGE,Tank,Tank,33,BII-2l 2 baks duwstel Europa II (lange form),commercial,
BII-2L:32,BII-2L,32,2-baksduwstel lang:  DUWBOOT2DB-1(G)TDB (Binnenvaart),PUSHTOW 2 BARGES - 1 (G)TANKBARGE,Tank,Tank,33,BII-2l 2 baks duwstel Europa II (lange form),commercial,
BII-4:21,BII-4,21,4-baksduwstel:  DUWBOOTMET1VRACHTDUWBAK (Binnenvaart),PUSHTOW 1 CARGO BARGE,Cargo,Cargo,34,BII-4 duwstel Eur II 4b,commercial,
BII-4:22,BII-4,22,4-baksduwstel:  DUWBOOTMET2VRACHTDUWBAKKEN (Binnenvaart),PUSHTOW 2 CARGO BARGES,Cargo,Cargo,34,BII-4 duwstel Eur II 4b,commercial,
BII-4:23,BII-4,23,4-baksduwstel:  DUWBOOTMET3VRACHTDUWBAKKEN (Binnenvaart),PUSHTOW 3 CARGO BARGES,Cargo,Cargo,34,BII-4 duwstel Eur II 4b,commercial,
BII-4:24,BII-4,24,4-baksduwstel:  DUWBOOTMET4VRACHTDUWBAKKEN (Binnenvaart),PUSHTOW 4 CARGO BARGES,Cargo,Cargo,34,BII-4 duwstel Eur II 4b,commercial,
BII-4:26,BII-4,26,4-baksduwstel:  DUWBOOTMET6VRACHTDUWBAKKEN (Binnenvaart),PUSHTOW 6 CARGO BARGES,Cargo,Cargo,34,BII-4 duwstel Eur II 4b,commercial,
BII-4:33,BII-4,33,4-baksduwstel:  DUWBOOT3DB-MIN.1(G)TDB (Binnenvaart),PUSHTOW 3 BARGES - MIN. 1 (G)TANKB.,Tank,Tank,34,BII-4 duwstel Eur II 4b,commercial,
BII-4:34,BII-4,34,4-baksduwstel:  DUWBOOT4DB-MIN.1(G)TDB (Binnenvaart),PUSHTOW 4 BARGES - MIN. 1 (G)TANKB.,Tank,Tank,34,BII-4 duwstel Eur II 4b,commercial,
BII-6l:23,BII-6l,23,6-baksduwstel lang (incl 5-baks lang):  DUWBOOTMET3VRACHTDUWBAKKEN (Binnenvaart),PUSHTOW 3 CARGO BARGES,Cargo,Cargo,36,BII-6l duwstel Eur II 6b lang,commercial,
BII-6l:24,BII-6l,24,6-baksduwstel lang (incl 5-baks lang):  DUWBOOTMET4VRACHTDUWBAKKEN (Binnenvaart),PUSHTOW 4 CARGO BARGES,Cargo,Cargo,36,BII-6l duwstel Eur II 6b lang,commercial,
BIIa-1:15,BIIa-1,15,Europa IIa duwstel:  VRACHTDUWBAK(VDB) (Binnenvaart),FREIGHT BARGE,Freight,Freight,30,BIIa-1 duwstel Europa IIa (V),commercial,
BIIa-1:16,BIIa-1,16,Europa IIa duwstel:  TANKDUWBAK(TDB) (Binnenvaart),TANKBARGE,Tank,Tank,30,BIIa-1 duwstel Europa IIa (V),commercial,
BIIa-1:21,BIIa-1,21,Europa IIa duwstel:  DUWBOOTMET1VRACHTDUWBAK (Binnenvaart),PUSHTOW 1 CARGO BARGE,Cargo,Cargo,30,BIIa-1 duwstel Europa IIa (V),commercial,
BIIa-1:22,BIIa-1,22,Europa IIa duwstel:  DUWBOOTMET2VRACHTDUWBAKKEN (Binnenvaart),PUSHTOW 2 CARGO BARGES,Cargo,Cargo,30,BIIa-1 duwstel Europa IIa (V),commercial,
BIIa-1:31,BIIa-1,31,Europa IIa duwstel:  DUWBOOT1(G)TDB (Binnenvaart),PUSHTOW 1 (G)TANKBARGE,Tank,Tank,30,BIIa-1 duwstel Europa IIa (V),commercial,
BIIa-1:32,BIIa-1,32,Europa IIa duwstel:  DUWBOOT2DB-1(G)TDB (Binnenvaart),PUSHTOW 2 BARGES - 1 (G)TANKBARGE,Tank,Tank,30,BIIa-1 duwstel Europa IIa (V),commercial,
BIIL-1:16,BIIL-1,16,Europa II Lang:  TANKDUWBAK(TDB) (Binnenvaart),TANKBARGE,Tank,Tank,31,BIIL-1 duwstel Europa II Lang(V),commercial,
BIIL-1:18,BIIL-1,18,Europa II Lang:  GAS-TANKDUWBAK(GTDB) (Binnenvaart),GAS TANKBARGE,Tank,Gas,31,BIIL-1 duwstel Europa II Lang(V),commercial,
BIIL-1:21,BIIL-1,21,Europa II Lang:  DUWBOOTMET1VRACHTDUWBAK (Binnenvaart),PUSHTOW 1 CARGO BARGE,Cargo,Cargo,31,BIIL-1 duwstel Europa II Lang(V),commercial,
BIIL-1:22,BIIL-1,22,Europa II Lang:  DUWBOOTMET2VRACHTDUWBAKKEN (Binnenvaart),PUSHTOW 2 CARGO BARGES,Cargo,Cargo,31,BIIL-1 duwstel Europa II Lang(V),commercial,
BIIL-1:31,BIIL-1,31,Europa II Lang:  DUWBOOT1(G)TDB (Binnenvaart),PUSHTOW 1 (G)TANKBARGE,Tank,Tank,31,BIIL-1 duwstel Europa II Lang(V),commercial,
BIIL-1:32,BIIL-1,32,Europa II Lang:  DUWBOOT2DB-1(G)TDB (Binnenvaart),PUSHTOW 2 BARGES - 1 (G)TANKBARGE,Tank,Tank,31,BIIL-1 duwstel Europa II Lang(V),commercial,
C1b:10,C1b,10,"2 spitsen breed:  LANGSAMENSTEL,MIN1MTS (Binnenvaart)","MOTOR FREIGHTER, MIN. 1 TANKSHIP",Tank,Tank,17,"C1b, koppelverband, 2 spitsen breed",commercial,
C1b:7,C1b,7,"2 spitsen breed:  BREEDSAMENSTEL,MVS (Binnenvaart)","MOTOR FREIGHTER, SHIPS ALONGSIDE",Freight,Freight,17,"C1b, koppelverband, 2 spitsen breed",commercial,
C1b:8,C1b,8,"2 spitsen breed:  BREEDSAMENSTEL,MIN.1MTS (Binnenvaart)",MOTOR FREIGHTER ALONGSIDE TANKSHIP,Tank,Tank,17,"C1b, koppelverband, 2 spitsen breed",commercial,
C1b:9,C1b,9,"2 spitsen breed:  LANGSAMENSTEL,MVS (Binnenvaart)",MOTOR FREIGHTER PUSHING ONE OR MORE,Freight,Freight,17,"C1b, koppelverband, 2 spitsen breed",commercial,
C1l:7,C1l,7,"2 spitsen lang:  BREEDSAMENSTEL,MVS (Binnenvaart)","MOTOR FREIGHTER, SHIPS ALONGSIDE",Freight,Freight,18,"C1-l, koppelverband, 2 spitsen (lang) (I)",commercial,
C1l:9,C1l,9,"2 spitsen lang:  LANGSAMENSTEL,MVS (Binnenvaart)",MOTOR FREIGHTER PUSHING ONE OR MORE,Freight,Freight,18,"C1-l, koppelverband, 2 spitsen (lang) (I)",commercial,
C2b:10,C2b,10,"Klasse IV + Europa I breed:  LANGSAMENSTEL,MIN1MTS (Binnenvaart)","MOTOR FREIGHTER, MIN. 1 TANKSHIP",Tank,Tank,19,"C2b, koppelverband, IV + Eur I breed",commercial,
C2b:7,C2b,7,"Klasse IV + Europa I breed:  BREEDSAMENSTEL,MVS (Binnenvaart)","MOTOR FREIGHTER, SHIPS ALONGSIDE",Freight,Freight,19,"C2b, koppelverband, IV + Eur I breed",commercial,
C2b:8,C2b,8,"Klasse IV + Europa I breed:  BREEDSAMENSTEL,MIN.1MTS (Binnenvaart)",MOTOR FREIGHTER ALONGSIDE TANKSHIP,Tank,Tank,19,"C2b, koppelverband, IV + Eur I breed",commercial,
C2b:9,C2b,9,"Klasse IV + Europa I breed:  LANGSAMENSTEL,MVS (Binnenvaart)",MOTOR FREIGHTER PUSHING ONE OR MORE,Freight,Freight,19,"C2b, koppelverband, IV + Eur I breed",commercial,
C2l:10,C2l,10,"Klasse IV + Europa I lang:  LANGSAMENSTEL,MIN1MTS (Binnenvaart)","MOTOR FREIGHTER, MIN. 1 TANKSHIP",Tank,Tank,20,"C2l, koppelverband, IV+ eur 1 lang(IV B)",commercial,
C2l:13,C2l,13,Klasse IV + Europa I lang:  GEKOPPELDESLEEP-VRACHTSCHEPEN (Binnenvaart),COUPLED TUG FREIGHTERS,Freight,Freight,20,"C2l, koppelverband, IV+ eur 1 lang(IV B)",commercial,
C2l:7,C2l,7,"Klasse IV + Europa I lang:  BREEDSAMENSTEL,MVS (Binnenvaart)","MOTOR FREIGHTER, SHIPS ALONGSIDE",Freight,Freight,20,"C2l, koppelverband, IV+ eur 1 lang(IV B)",commercial,
C2l:8,C2l,8,"Klasse IV + Europa I lang:  BREEDSAMENSTEL,MIN.1MTS (Binnenvaart)",MOTOR FREIGHTER ALONGSIDE TANKSHIP,Tank,Tank,20,"C2l, koppelverband, IV+ eur 1 lang(IV B)",commercial,
C2l:9,C2l,9,"Klasse IV + Europa I lang:  LANGSAMENSTEL,MVS (Binnenvaart)",MOTOR FREIGHTER PUSHING ONE OR MORE,Freight,Freight,20,"C2l, koppelverband, IV+ eur 1 lang(IV B)",commercial,
C3b:10,C3b,10,"Klasse Va + Europa II breed:  LANGSAMENSTEL,MIN1MTS (Binnenvaart)","MOTOR FREIGHTER, MIN. 1 TANKSHIP",Tank,Tank,21,"C3b, koppelverband, Va + Eur II breed",commercial,
C3b:13,C3b,13,Klasse Va + Europa II breed:  GEKOPPELDESLEEP-VRACHTSCHEPEN (Binnenvaart),COUPLED TUG FREIGHTERS,Freight,Freight,21,"C3b, koppelverband, Va + Eur II breed",commercial,
C3b:14,C3b,14,"Klasse Va + Europa II breed:  GEKOPPELDESLEEP-SCH,MIN1SL-TS (Binnenvaart)","COUPLED TUG FREIGHTER/TANKER, 1TS",Tank,Tank,21,"C3b, koppelverband, Va + Eur II breed",commercial,
C3b:7,C3b,7,"Klasse Va + Europa II breed:  BREEDSAMENSTEL,MVS (Binnenvaart)","MOTOR FREIGHTER, SHIPS ALONGSIDE",Freight,Freight,21,"C3b, koppelverband, Va + Eur II breed",commercial,
C3b:8,C3b,8,"Klasse Va + Europa II breed:  BREEDSAMENSTEL,MIN.1MTS (Binnenvaart)",MOTOR FREIGHTER ALONGSIDE TANKSHIP,Tank,Tank,21,"C3b, koppelverband, Va + Eur II breed",commercial,
C3b:9,C3b,9,"Klasse Va + Europa II breed:  LANGSAMENSTEL,MVS (Binnenvaart)",MOTOR FREIGHTER PUSHING ONE OR MORE,Freight,Freight,21,"C3b, koppelverband, Va + Eur II breed",commercial,
C3l:10,C3l,10,"Klasse Va + Europa II lang:  LANGSAMENSTEL,MIN1MTS (Binnenvaart)","MOTOR FREIGHTER, MIN. 1 TANKSHIP",Tank,Tank,22,"C3l, koppelverband, Va + Eur II lang",commercial,
C3l:13,C3l,13,Klasse Va + Europa II lang:  GEKOPPELDESLEEP-VRACHTSCHEPEN (Binnenvaart),COUPLED TUG FREIGHTERS,Freight,Freight,22,"C3l, koppelverband, Va + Eur II lang",commercial,
C3l:14,C3l,14,"Klasse Va + Europa II lang:  GEKOPPELDESLEEP-SCH,MIN1SL-TS (Binnenvaart)","COUPLED TUG FREIGHTER/TANKER, 1TS",Tank,Tank,22,"C3l, koppelverband, Va + Eur II lang",commercial,
C3l:7,C3l,7,"Klasse Va + Europa II lang:  BREEDSAMENSTEL,MVS (Binnenvaart)","MOTOR FREIGHTER, SHIPS ALONGSIDE",Freight,Freight,22,"C3l, koppelverband, Va + Eur II lang",commercial,
C3l:8,C3l,8,"Klasse Va + Europa II lang:  BREEDSAMENSTEL,MIN.1MTS (Binnenvaart)",MOTOR FREIGHTER ALONGSIDE TANKSHIP,Tank,Tank,22,"C3l, koppelverband, Va + Eur II lang",commercial,
C3l:9,C3l,9,"Klasse Va + Europa II lang:  LANGSAMENSTEL,MVS (Binnenvaart)",MOTOR FREIGHTER PUSHING ONE OR MORE,Freight,Freight,22,"C3l, koppelverband, Va + Eur II lang",commercial,
C4:10,C4,10,"Klasse Va + 3 Europa II:  LANGSAMENSTEL,MIN1MTS (Binnenvaart)","MOTOR FREIGHTER, MIN. 1 TANKSHIP",Tank,Tank,23,"C4, koppelverband, Va + 3xEur II (*)",commercial,
C4:7,C4,7,"Klasse Va + 3 Europa II:  BREEDSAMENSTEL,MVS (Binnenvaart)","MOTOR FREIGHTER, SHIPS ALONGSIDE",Freight,Freight,23,"C4, koppelverband, Va + 3xEur II (*)",commercial,
C4:8,C4,8,"Klasse Va + 3 Europa II:  BREEDSAMENSTEL,MIN.1MTS (Binnenvaart)",MOTOR FREIGHTER ALONGSIDE TANKSHIP,Tank,Tank,23,"C4, koppelverband, Va + 3xEur II (*)",commercial,
C4:9,C4,9,"Klasse Va + 3 Europa II:  LANGSAMENSTEL,MVS (Binnenvaart)",MOTOR FREIGHTER PUSHING ONE OR MORE,Freight,Freight,23,"C4, koppelverband, Va + 3xEur II (*)",commercial,
M0:1,M0,1,Overig:  MOTORVRACHTSCHIP (Binnenvaart),MOTOR FREIGHTER,Freight,Freight,1,M0 (overig),commercial,
M0:11,M0,11,Overig:  SLEEP-VRACHTSCHIP (Binnenvaart),TUG FREIGHTER,Freight,Freight,1,M0 (overig),commercial,
M0:2,M0,2,Overig:  MOTORTANKSCHIP (Binnenvaart),MOTOR TANKER,Tank,Tank,1,M0 (overig),commercial,
M0:3,M0,3,Overig:  CONTAINERSCHIP (Binnenvaart),CONTAINERVESSEL,Container,Container,1,M0 (overig),commercial,
M0:5,M0,5,Overig:  SLEPENDMVS (Binnenvaart),MOTOR FREIGHTERAS TUG,Freight,Freight,1,M0 (overig),commercial,
M1:1,M1,1,Spits:  MOTORVRACHTSCHIP (Binnenvaart),MOTOR FREIGHTER,Freight,Freight,2,M1 (Spits) (CEMT I),commercial,
M1:2,M1,2,Spits:  MOTORTANKSCHIP (Binnenvaart),MOTOR TANKER,Tank,Tank,2,M1 (Spits) (CEMT I),commercial,
M1:5,M1,5,Spits:  SLEPENDMVS (Binnenvaart),MOTOR FREIGHTERAS TUG,Freight,Freight,2,M1 (Spits) (CEMT I),commercial,
M10:1,M10,1,"Maatgevend schip 13,5 * 110 m:  MOTORVRACHTSCHIP (Binnenvaart)",MOTOR FREIGHTER,Freight,Freight,14,M10 (Breed Groot Rijnschip),commercial,
M10:2,M10,2,"Maatgevend schip 13,5 * 110 m:  MOTORTANKSCHIP (Binnenvaart)",MOTOR TANKER,Tank,Tank,14,M10 (Breed Groot Rijnschip),commercial,
M10:3,M10,3,"Maatgevend schip 13,5 * 110 m:  CONTAINERSCHIP (Binnenvaart)",CONTAINERVESSEL,Container,Container,14,M10 (Breed Groot Rijnschip),commercial,
M10:4,M10,4,"Maatgevend schip 13,5 * 110 m:  GAS-TANKSCHIP (Binnenvaart)",GAS TANKSHIP,Tank,Gas,14,M10 (Breed Groot Rijnschip),commercial,
M11:1,M11,1,"Maatgevend schip 14,2 * 135 m:  MOTORVRACHTSCHIP (Binnenvaart)",MOTOR FREIGHTER,Freight,Freight,15,M11 (Verlengd Breed Groot Rijnschip),commercial,
M11:2,M11,2,"Maatgevend schip 14,2 * 135 m:  MOTORTANKSCHIP (Binnenvaart)",MOTOR TANKER,Tank,Tank,15,M11 (Verlengd Breed Groot Rijnschip),commercial,
M11:3,M11,3,"Maatgevend schip 14,2 * 135 m:  CONTAINERSCHIP (Binnenvaart)",CONTAINERVESSEL,Container,Container,15,M11 (Verlengd Breed Groot Rijnschip),commercial,
M12:1,M12,1,Rijnmax Schip:  MOTORVRACHTSCHIP (Binnenvaart),MOTOR FREIGHTER,Freight,Freight,16,M12 (Rijnmax),commercial,
M12:2,M12,2,Rijnmax Schip:  MOTORTANKSCHIP (Binnenvaart),MOTOR TANKER,Tank,Tank,16,M12 (Rijnmax),commercial,
M12:3,M12,3,Rijnmax Schip:  CONTAINERSCHIP (Binnenvaart),CONTAINERVESSEL,Container,Container,16,M12 (Rijnmax),commercial,
M12:4,M12,4,Rijnmax Schip:  GAS-TANKSCHIP (Binnenvaart),GAS TANKSHIP,Tank,Gas,16,M12 (Rijnmax),commercial,
M12:5,M12,5,Rijnmax Schip:  SLEPENDMVS (Binnenvaart),MOTOR FREIGHTERAS TUG,Freight,Freight,16,M12 (Rijnmax),commercial,
M2:1,M2,1,Kempenaar:  MOTORVRACHTSCHIP (Binnenvaart),MOTOR FREIGHTER,Freight,Freight,3,M2 (Kempenaar) (CEMT II),commercial,
M2:2,M2,2,Kempenaar:  MOTORTANKSCHIP (Binnenvaart),MOTOR TANKER,Tank,Tank,3,M2 (Kempenaar) (CEMT II),commercial,
M2:3,M2,3,Kempenaar:  CONTAINERSCHIP (Binnenvaart),CONTAINERVESSEL,Container,Container,4,M2-Container (Kempenaar) 2-laags,commercial,
M2:4,M2,4,Kempenaar:  GAS-TANKSCHIP (Binnenvaart),GAS TANKSHIP,Tank,Gas,3,M2 (Kempenaar) (CEMT II),commercial,
M2:5,M2,5,Kempenaar:  SLEPENDMVS (Binnenvaart),MOTOR FREIGHTERAS TUG,Freight,Freight,3,M2 (Kempenaar) (CEMT II),commercial,
M3:1,M3,1,Hagenaar:  MOTORVRACHTSCHIP (Binnenvaart),MOTOR FREIGHTER,Freight,Freight,5,M3 (Hagenaar) (CEMT III),commercial,
M3:2,M3,2,Hagenaar:  MOTORTANKSCHIP (Binnenvaart),MOTOR TANKER,Tank,Tank,5,M3 (Hagenaar) (CEMT III),commercial,
M3:3,M3,3,Hagenaar:  CONTAINERSCHIP (Binnenvaart),CONTAINERVESSEL,Container,Container,5,M3 (Hagenaar) (CEMT III),commercial,
M3:5,M3,5,Hagenaar:  SLEPENDMVS (Binnenvaart),MOTOR FREIGHTERAS TUG,Freight,Freight,5,M3 (Hagenaar) (CEMT III),commercial,
M4:1,M4,1,Dortmund Eems:  MOTORVRACHTSCHIP (Binnenvaart),MOTOR FREIGHTER,Freight,Freight,6,M4 (Dortmund-Emskan) (CEMT III),commercial,
M4:2,M4,2,Dortmund Eems:  MOTORTANKSCHIP (Binnenvaart),MOTOR TANKER,Tank,Tank,6,M4 (Dortmund-Emskan) (CEMT III),commercial,
M4:5,M4,5,Dortmund Eems:  SLEPENDMVS (Binnenvaart),MOTOR FREIGHTERAS TUG,Freight,Freight,6,M4 (Dortmund-Emskan) (CEMT III),commercial,
M5:1,M5,1,Verlengde Dortmund:  MOTORVRACHTSCHIP (Binnenvaart),MOTOR FREIGHTER,Freight,Freight,7,M5 (Verlengde Dortmunder) (CEMT III),commercial,
M5:2,M5,2,Verlengde Dortmund:  MOTORTANKSCHIP (Binnenvaart),MOTOR TANKER,Tank,Tank,7,M5 (Verlengde Dortmunder) (CEMT III),commercial,
M5:5,M5,5,Verlengde Dortmund:  SLEPENDMVS (Binnenvaart),MOTOR FREIGHTERAS TUG,Freight,Freight,7,M5 (Verlengde Dortmunder) (CEMT III),commercial,
M6:1,M6,1,Rijn-Herne Schip:  MOTORVRACHTSCHIP (Binnenvaart),MOTOR FREIGHTER,Freight,Freight,8,M6 (Rijn-Hernekan) (CEMT IV),commercial,
M6:2,M6,2,Rijn-Herne Schip:  MOTORTANKSCHIP (Binnenvaart),MOTOR TANKER,Tank,Tank,8,M6 (Rijn-Hernekan) (CEMT IV),commercial,
M6:3,M6,3,Rijn-Herne Schip:  CONTAINERSCHIP (Binnenvaart),CONTAINERVESSEL,Container,Container,9,M6-Container (Rijn-Herne) 3-laags,commercial,
M6:4,M6,4,Rijn-Herne Schip:  GAS-TANKSCHIP (Binnenvaart),GAS TANKSHIP,Tank,Gas,8,M6 (Rijn-Hernekan) (CEMT IV),commercial,
M6:5,M6,5,Rijn-Herne Schip:  SLEPENDMVS (Binnenvaart),MOTOR FREIGHTERAS TUG,Freight,Freight,8,M6 (Rijn-Hernekan) (CEMT IV),commercial,
M6:6,M6,6,Rijn-Herne Schip:  SLEPENDMTS (Binnenvaart),MOTOR TANKER AS TUG,Tank,Tank,8,M6 (Rijn-Hernekan) (CEMT IV),commercial,
M7:1,M7,1,Verlengde Rijn-Herne:  MOTORVRACHTSCHIP (Binnenvaart),MOTOR FREIGHTER,Freight,Freight,10,M7 (Verlengd Rijn-Hernekan) (CEMT IV),commercial,
M7:2,M7,2,Verlengde Rijn-Herne:  MOTORTANKSCHIP (Binnenvaart),MOTOR TANKER,Tank,Tank,10,M7 (Verlengd Rijn-Hernekan) (CEMT IV),commercial,
M7:3,M7,3,Verlengde Rijn-Herne:  CONTAINERSCHIP (Binnenvaart),CONTAINERVESSEL,Container,Container,10,M7 (Verlengd Rijn-Hernekan) (CEMT IV),commercial,
M7:4,M7,4,Verlengde Rijn-Herne:  GAS-TANKSCHIP (Binnenvaart),GAS TANKSHIP,Tank,Gas,10,M7 (Verlengd Rijn-Hernekan) (CEMT IV),commercial,
M7:5,M7,5,Verlengde Rijn-Herne:  SLEPENDMVS (Binnenvaart),MOTOR FREIGHTERAS TUG,Freight,Freight,10,M7 (Verlengd Rijn-Hernekan) (CEMT IV),commercial,
M8:1,M8,1,Groot Rijnschip:  MOTORVRACHTSCHIP (Binnenvaart),MOTOR FREIGHTER,Freight,Freight,11,M8 (Groot Rijnschip) (CEMT V),commercial,
M8:11,M8,11,Groot Rijnschip:  SLEEP-VRACHTSCHIP (Binnenvaart),TUG FREIGHTER,Freight,Freight,11,M8 (Groot Rijnschip) (CEMT V),commercial,
M8:12,M8,12,Groot Rijnschip:  SLEEP-TANKSCHIP (Binnenvaart),TUG TANKER,Tank,Tank,11,M8 (Groot Rijnschip) (CEMT V),commercial,
M8:2,M8,2,Groot Rijnschip:  MOTORTANKSCHIP (Binnenvaart),MOTOR TANKER,Tank,Tank,11,M8 (Groot Rijnschip) (CEMT V),commercial,
M8:3,M8,3,Groot Rijnschip:  CONTAINERSCHIP (Binnenvaart),CONTAINERVESSEL,Container,Container,12,M8-Container (Groot Rijn) 4-laags,commercial,
M8:4,M8,4,Groot Rijnschip:  GAS-TANKSCHIP (Binnenvaart),GAS TANKSHIP,Tank,Gas,11,M8 (Groot Rijnschip) (CEMT V),commercial,
M8:5,M8,5,Groot Rijnschip:  SLEPENDMVS (Binnenvaart),MOTOR FREIGHTERAS TUG,Freight,Freight,11,M8 (Groot Rijnschip) (CEMT V),commercial,
M8:6,M8,6,Groot Rijnschip:  SLEPENDMTS (Binnenvaart),MOTOR TANKER AS TUG,Tank,Tank,11,M8 (Groot Rijnschip) (CEMT V),commercial,
M9:1,M9,1,Verlengd Groot Rijnschip:  MOTORVRACHTSCHIP (Binnenvaart),MOTOR FREIGHTER,Freight,Freight,13,M9 (Verlengd Groot Rijnschip),commercial,
M9:11,M9,11,Verlengd Groot Rijnschip:  SLEEP-VRACHTSCHIP (Binnenvaart),TUG FREIGHTER,Freight,Freight,13,M9 (Verlengd Groot Rijnschip),commercial,
M9:2,M9,2,Verlengd Groot Rijnschip:  MOTORTANKSCHIP (Binnenvaart),MOTOR TANKER,Tank,Tank,13,M9 (Verlengd Groot Rijnschip),commercial,
M9:3,M9,3,Verlengd Groot Rijnschip:  CONTAINERSCHIP (Binnenvaart),CONTAINERVESSEL,Container,Container,13,M9 (Verlengd Groot Rijnschip),commercial,
M9:4,M9,4,Verlengd Groot Rijnschip:  GAS-TANKSCHIP (Binnenvaart),GAS TANKSHIP,Tank,Gas,13,M9 (Verlengd Groot Rijnschip),commercial,
